{
  "bluepower:root": {
    "criteria": {
      "root": "2020-02-03 17:20:57 +0100"
    },
    "done": true
  },
  "tombstone:adventure/root": {
    "criteria": {
      "auto": "2020-02-03 17:20:57 +0100"
    },
    "done": true
  },
  "survivalplus:survivalplus/root": {
    "criteria": {
      "tick": "2020-02-03 17:20:57 +0100"
    },
    "done": true
  },
  "minecraft:adventure/adventuring_time": {
    "criteria": {
      "minecraft:forest": "2020-02-03 17:21:08 +0100",
      "minecraft:birch_forest_hills": "2020-02-03 17:20:57 +0100"
    },
    "done": false
  },
  "survivalplus:survivalplus/install": {
    "criteria": {
      "tick": "2020-02-03 17:20:57 +0100"
    },
    "done": true
  },
  "DataVersion": 2227
}